{"cameraMode":{"drawMode":0,"name":"Shaded","section":"Shading Mode"},"sceneLighting":true,"audioPlay":false,"sceneViewState":{"showFog":true,"showMaterialUpdate":false,"showSkybox":true,"showFlares":true,"showImageEffects":true,"showParticleSystems":true},"in2DMode":false,"pivot":{"x":0.6369152069091797,"y":6.798787593841553,"z":-0.7882261276245117},"rotation":{"x":0.02617589570581913,"y":0.6350206732749939,"z":-0.021528493613004686,"w":0.7717612385749817},"size":3.0426180362701418,"orthographic":false}